winner, starter, total_turns, win_direction, depth, turn_times, average_turn_time, turn_nodes, average_turn_nodes

Minimax,Minimax,6,horizontal,4,"[0.0010001659393310547, 5.686514139175415, 11.16450047492981, 5.243651390075684]",5.52391654253006,"[1, 32982, 65161, 31543]",5.52391654253006
