winner, starter, total_turns, win_direction, depth, turn_times, average_turn_time, turn_nodes, average_turn_nodes



Negamax,Random,8,horizontal,4,"[1.7816288471221924, 3.094027519226074, 6.011448621749878, 6.649209499359131]",4.384078621864319,"[9602, 16880, 33329, 37475]",4.384078621864319
Negamax,Negamax,13,vertical,4,"[0.0019991397857666016, 1.4300413131713867, 3.0505995750427246, 5.235820293426514, 9.475029468536377, 7.575988531112671, 7.93696928024292]",4.95806394304548,"[1, 7554, 16152, 28334, 52465, 42556, 46603]",4.95806394304548
