winner, starter, total_turns, win_direction, depth, turn_times, average_turn_time, turn_nodes, average_turn_nodes


negamax,random,12,vertical,4,"[1.7679648399353027, 2.1816930770874023, 5.502303600311279, 3.8617990016937256, 4.553132057189941, 7.120633840560913]",4.164587736129761,"[9637, 12187, 30217, 20487, 24520, 40972]",23003.333333333332
negamax,random,14,vertical,4,"[1.7765045166015625, 2.370060682296753, 5.4514851570129395, 3.244250774383545, 4.34557580947876, 6.334073781967163, 3.7105066776275635]",3.8903510570526123,"[9478, 13196, 29852, 17178, 23476, 35672, 22756]",21658.285714285714
